split,rows,churn_rate
train,4504,0.16829484902309058
test,1126,0.16873889875666073
